province;red;green;blue;x;x
1;128;34;64;Stockholm;x
2;0;36;128;stergtland;x
3;128;38;192;Smland;x
4;0;40;255;Bergslagen;x
5;128;42;0;Vrmland;x
6;0;44;64;Skne;x
7;129;46;128;Vstergtland;x
8;1;48;192;Dalaskogen;x
9;129;50;255;Hlsingland;x
10;1;52;0;Jmtland;x
11;129;54;64;Vsterbotten;x
12;1;56;128;Sjlland;x
13;129;58;150;Slesvig;x
14;2;60;255;Fyn;x
15;130;62;0;Midtjylland;x
16;2;64;64;Bohusln;x
17;130;66;128;Akershus;x
18;2;68;192;Ume;x
19;130;70;255;sterbotten;x
20;2;72;0;Trndelag;x
21;131;74;64;Hlogaland;x
22;135;145;155;all_land;x
23;135;160;190;schworingen;x
24;105;160;190;ober_schworingen;x
25;55;160;190;sollingen;x
26;0;160;190;monten;x
27;90;115;200;seeland;x
28;90;145;200;rechenburg;x
29;90;185;200;bendland;x
30;90;225;200;bendheim;x
31;208;90;225;patenkirchen;x
32;238;90;225;lippland;x
33;238;130;225;kollonen;x
34;238;170;225;lurlei;x
35;150;134;45;fuggen;x
36;190;134;45;fuggen_land;x
37;110;134;45;bachen;x
38;80;134;45;ansen;x
39;50;134;45;neu_fuggen;x
40;224;239;55;elfland;x
41;204;239;55;eilenheim;x
42;104;239;55;tubendofer_land;x
43;64;239;55;tubendofer_land;x
44;24;239;55;grafenheim;x
45;246;116;21;possen;x
46;206;116;21;nantenbach;x
47;156;116;21;venningen;x
48;156;116;61;steina;x
49;156;116;151;vogelsberg;x
50;83;77;72;deutscherland;x
51;43;77;72;cramme;x
52;43;27;72;colmberg;x
53;43;27;22;arnstein;x
54;43;77;22;freiberg;x
55;162;237;116;waldtal;x
56;112;237;116;tower_of_the_east;x
57;112;207;116;ober_deutscher;x
58;112;107;116;lindau;x
59;112;107;16;deutschgeorgental;x
60;16;112;84;kaltenkirche;x
61;16;112;124;crivitz;x
62;16;112;154;herne;x
63;16;112;194;doberan;x
64;16;112;224;isenburg;x
65;138;137;68;idelberg;x
66;138;97;68;zorge;x
67;168;97;68;zehna;x 
68;168;137;68;kandern;x
69;138;97;108;zossen;x
70;237;237;237;yach;x
71;207;237;237;konigsstuhl;x
72;207;207;237;aub;x
73;207;207;207;wingendorf;x
74;203;36;40;baden;x
75;203;76;40;ilvesheim;x
76;203;76;80;hadenstedt;x
77;203;16;80;rittin;x
78;117;231;232;ritterdorf;x
79;117;201;232;heckenhausen;x
80;117;201;202;wusten;x
81;87;201;202;jonsdorf;x
82;140;215;152;covninus;x
83;100;215;152;neustadt;x
84;60;215;152;vallendar;x
85;60;215;102;oppalia;x
86;20;215;102;rabenstadt;x
87;112;67;87;jungfrauen;x
88;112;67;137;bakavia;x
89;112;67;187;valentin;x
90;112;57;197;bad_sachsa;x
91;112;7;197;kleines_viertel;x
92;112;7;157;tatsachen;x
93;106;112;67;rabenhafen;x
94;106;12;67;orakelberg;x
95;12;106;96;nordland;x
96;12;106;46;vier_gipfel;x
97;12;106;6;drei_burgen;x
98;52;106;6;zeitenen;x
99;2;106;6;hochgezeit;x
100;41;2;106;ostland;x
101;1;2;106;verl;x
102;1;2;166;vogtei;x
103;1;2;226;grosschirma;x
104;1;20;226;valwig;x
105;41;50;106;insel_von_tank;x
106;41;100;106;caprin;x
107;41;150;106;schatzniz;x
108;32;46;40;villingen;x
109;32;6;40;jade;x
110;32;6;0;nordburg;x
111;32;60;52;frankenstein;x
112;185;122;229;schonburg;x
113;145;122;229;marktbreit;x
114;145;122;119;vipperow;x
115;245;122;119;unna;x
116;220;111;52;western;x
117;255;161;161;kerrulen;x
118;129;54;128;great_sea;x
119;36;92;187;cymrian_valley;x
120;32;182;182;southern_western_mountain;x
121;32;185;185;negro_gap_western_mountain;x
122;32;195;195;central_western_mountain;x
123;32;200;200;northern_western_mountain;x
124;32;220;220;cymrian_mountains;x
125;32;250;250;eastern_cymrian_mountains;x
126;32;230;230;southern_cymrian_mountains;x
127;64;230;230;ponti_mountains;x
128;124;230;230;colone_mountain;x
129;200;230;230;white_mountain;x
130;230;230;230;high_mountain;x
131;179;150;71;polita;x
132;229;150;71;rimedia;x
133;229;221;71;pepulitana;x
134;229;221;110;cetania;x
135;229;221;165;densinae;x
136;75;73;58;monte_negro;x
137;105;73;58;nocia;x
138;105;106;58;hanuria;x
139;105;166;58;temnium;x
140;105;166;98;hamae;x
141;90;27;111;mevia;x
142;90;27;222;donanea;x
143;90;57;222;ponea;x
144;103;57;222;ienia;x
145;167;137;158;eria;x
146;167;137;208;itamia;x
147;167;167;208;citus;x
148;167;64;64;mons_tesserina;x
149;167;64;81;nolgia;x
150;167;116;81;histria;x
151;213;116;81;nestrodia;x
152;27;88;54;rimagonia;x
153;27;28;54;maenaica;x
154;67;28;54;ninaea;x
155;67;68;54;peanintus;x
156;67;68;84;selgia_proconsularis;x
157;12;147;191;doladia;x
158;42;147;191;nalirus;x
159;42;199;191;bibia;x
160;82;199;191;bilagene;x
161;82;221;191;punaica;x
162;243;224;118;loca;x
163;203;224;118;situstria;x
164;203;188;118;modia;x
165;203;128;118;hilitana;x
166;153;128;118;rilebia;x
167;239;122;122;flevia;x
168;209;122;122;liria;x
169;209;165;122;hibonia;x
170;209;165;98;mares;x
171;109;165;98;cornanaica;x
172;98;110;165;biceana;x
173;128;110;165;dimae;x
174;128;10;165;pelelia;x
175;128;10;65;tetetus;x
176;78;80;79;fleves_mons;x
177;14;205;180;tritonis;x
178;14;205;120;datus;x
179;55;205;120;media;x
180;94;205;120;catellia;x
181;94;155;120;cicatrea;x
182;189;232;217;porus;x
183;129;232;217;lallia;x
184;129;202;217;notus;x
185;129;202;177;lilitraea;x
186;172;170;13;postravia;x
187;172;170;103;sitia;x
188;172;120;103;inucia;x
189;122;120;103;mecum;x
190;122;172;103;cumex;x
191;166;182;227;posta;x
192;166;180;207;renirus;x
193;166;125;207;telaria;x
194;166;125;197;netamia;x
195;155;170;131;flavia;x
196;155;111;131;netamia;x
197;155;111;182;etus;x
198;105;111;182;sebiastina;x
199;5;111;182;lucania;x
200;255;224;121;sicine;x
201;211;224;121;temnica;x
202;211;224;45;nica;x
203;167;224;45;dinotus_ripsensis;x
204;6;64;64;mare_tritonis;x
205;60;64;64;mare_lacrisa;x
206;3;59;219;fuggen_bucht;x
207;13;59;219;westernnord_see;x
208;23;59;219;sea_of_tank;x
209;33;59;219;nordkap_sea;x
210;43;59;219;bakava_sea;x
211;53;59;219;easternord_sea;x
212;63;59;219;western_sea;x
213;73;59;219;outer_blight_of_soling;x
214;83;59;219;north_sea;x
215;83;69;219;closed_sea;x
216;83;68;219;outer_sea_bakava;x
217;80;58;209;southern_bakava_sea;x
218;10;59;219;inner_blight_of_soling;x
219;11;59;219;cape_of_greef;x
220;12;59;219;outer_west_sea;x
221;12;79;219;blessed_sea;x
222;13;79;219;greef_sea;x
223;11;59;189;western_blessed_sea;x
224;124;191;143;vhine_mountains;x
225;24;191;143;vhinestadt;x
226;24;91;43;western_vhineland;x
227;24;91;143;central_vhineland;x
228;224;91;43;eastern_vhineland;x
229;224;191;143;jotunhem;x
230;144;191;63;niefelhem;x
231;159;144;22;skogen_land;x
232;159;44;22;small_beerenisland;x
233;59;44;22;big_beerenisland;x
234;11;44;22;beerenland;x
235;165;45;29;greef;x
236;165;145;29;simmeren;x
237;165;49;128;kakinen;x
238;165;149;129;greefenx
239;66;49;30;seven_cape;x
240;166;49;31;longstrong;x
241;166;49;131;bromberyland;x
242;166;149;135;strawberry_coast;x
243;66;14;60;rowan_hills;x
244;25;125;225;elderberry;x
245;125;125;225;honeysuckie;x
246;125;225;225;barberry;x
247;225;225;225;bluebrry;x
248;225;225;125;gooseberry;x
249;196;114;114;vhineland_beyond_sea;x
250;196;14;114;vhineland_beyond_sea_cape_comoron;x
251;196;14;14;nieflen;x
252;96;14;14;skagre;x
253;66;105;177;akosha;x
254;66;105;77;fast_water;x
255;166;105;77;firland;x
256;166;105;177;ebertland;x
257;65;211;87;northway_fjard;x
258;65;11;87;warm_fjard;x
259;65;111;87;heartstone;x
260;65;111;187;frieren;x
261;163;72;171;nrvik;x
262;63;72;171;slovos;x
263;63;172;171;woods_of_whisper;x
264;163;172;171;trandelag;x
265;189;149;127;mitrel;x
266;189;149;27;outer_skagon;x
267;89;149;27;hafn;x
268;89;49;27;heathern;x
269;176;66;114;white_march;x
270;76;66;114;hellokiten;x
271;76;66;14;navnkiten;x
272;149;239;213;whitch_wood;x
273;149;209;213;under_mountain;x
274;109;209;213;ponti_veda;x
275;109;109;213;dead_man_pass;x
276;109;109;113;weden;x
277;175;44;177;colone;x
278;175;144;177;tir_nan_aigenal;x
279;75;144;177;high_pass;x
280;75;44;177;low_pass;x
281;175;44;77;gleanne_daoine;x
282;175;232;194;ard_nan_tonn;x
283;75;232;194;caobdh;x
284;75;32;194;caobdh;x
285;241;251;130;morvach;x
286;241;51;130;north_pass;x
287;241;151;30;corcaigh;x
288;141;151;30;tralee;x
289;224;162;116;cymria;x
290;224;102;116;atha;x
291;224;102;16;bytt;x
292;124;162;116;cullans_pass;x
293;119;116;162;wynedd;x
294;119;186;162;tullamore;x
295;119;186;62;carlow;x
296;119;116;62;athlone;x
297;106;217;147;birr;x
298;106;117;147;listowel;x
299;106;117;47;listowel;x
300;114;147;75;thoir_ap_sliab;x
301;14;147;75;carrickmacross;x
302;70;147;75;eastern_pass_cymria;x
303;88;211;229;ponti;x
304;188;211;229;urabas;x
305;188;211;129;temepsto;x
306;188;111;129;tarapsol;x
307;166;141;141;great_steppe;x
308;232;68;68;tundrian_hills;x
309;132;68;68;tundrian;x
310;32;68;68;vascauna;x
311;32;68;18;vascaunian_hills;x
312;71;225;169;saramatia;x
313;10;148;98;vanascia;x
314;176;249;222;dolgen;x
315;34;97;74;nauen;x
316;15;174;116;hobogobo;x
317;181;32;32;awarcha;x
318;131;32;32;nossiji;x
319;131;60;32;kavra;x
320;131;60;60;saganta;x
321;161;60;60;choresa;x
322;141;181;32;tainas;x
323;101;181;32;olbia;x
324;101;101;32;palakoi;x
325;101;101;70;akrakan;x
326;141;101;32;turaka;x
327;202;109;141;tainaic;X
328;202;159;141;gorgippa;X
329;152;159;141;phanagoria;X
330;152;109;141;tmutaran;X
331;152;109;101;tanaia;X
332;180;65;205;geloni;x
333;130;65;205;qerch;x
334;130;65;165;napeai;x
335;180;65;165;gargaria;x
336;180;100;165;agathrysi;x
337;27;114;76;iryea;x
338;57;114;76;oxola;x
339;27;114;22;aorsi;x
340;57;114;22;budini;x
341;27;74;76;chorasmi;x
342;13;194;201;alavia;x
343;53;194;201;icho_border;x
344;53;194;151;ayaxo;x
345;53;144;151;temata;x
346;12;144;201;gaeata;x
347;116;53;194;oyuun;x
348;76;53;194;orkhon;x
349;76;53;154;dalai;x
350;76;103;154;khenti;x
351;76;153;154;tenger;x
352;157;0;122;shirret;x
353;157;30;122;ulaan;x
354;157;0;100;khunnu;x
355;107;0;100;khar_us;x
356;107;75;100;altan_murin;x
357;215;219;105;arvan;x
358;215;219;55;ulaan_taiga;x
359;215;169;55;khairkahn;x
360;215;149;55;khadag_koin;x
361;215;109;55;khara_koto;x
362;124;118;118;katanara;x
363;124;118;78;nawjit;x
364;124;78;78;turkone;x
365;164;78;78;bojin;x
366;100;78;78;lenka;x
367;81;138;215;horsata;x
368;81;100;215;cavara;x
369;101;101;215;tarada;x
370;101;101;155;nadara;x
371;101;102;101;tien-to-tara;x
372;68;234;68;tscherdas;x
373;68;201;68;taschkaia;x
374;108;234;68;white_orchard;x
375;108;234;107;poleia_attaki;x
376;108;201;107;veneh;x
377;189;108;49;geneve;x
378;129;108;49;katrova;x
379;129;108;89;simmero;x
380;88;108;89;jaleia;x
381;88;55;89;maccillo;x
382;109;37;96;aimag;x
383;109;67;96;uws_nuur;x
384;109;107;96;saichan;x
385;139;107;96;dsachan;x
386;139;107;126;dacha;x
387;66;159;132;antyeen;x
388;66;119;132;bajan;x
389;66;119;102;tuwin-nai;x
390;106;119;102;chai-nai;x
391;106;159;102;yolyon;x
392;224;211;66;altan;x
393;194;211;66;uvs;x
394;194;181;66;khova;x
395;194;181;106;khongora;x
396;194;141;106;dundgo;x
397;143;106;194;sonam;x
398;103;106;194;baas;x
399;103;106;154;tiido;x
400;3;106;154;khangai;x
401;3;106;104;onmogo;x
402;154;57;83;sesse;x
403;154;17;43;sums-dorno;x
404;154;17;3;zakva;x
405;104;17;3;hon-ton;x
406;254;17;3;sumber;x
407;68;76;181;atacoast;x
408;18;76;181;bay_of_viscari;x
409;18;16;181;central_dividing_sea;x
410;18;16;151;southern_sea;x
411;119;116;239;lovian_crossing;x
412;119;116;209;northern_windward_sea;x
413;89;116;209;coast_of_tandela;x
414;29;116;209;lovian_bay;x
415;29;166;209;windward_sea;x
416;29;166;109;cosat_of_talaria;x
417;29;166;159;eastuary_of_the_ziss;x
418;29;16;159;cape_jee;x
419;29;16;109;stormwind_sea;x
420;29;16;139;outer_sea;x
421;29;16;189;eastern_wind_ward_sea;x
422;29;16;139;lovian_coast;x
423;82;140;134;numerian_bay;x
424;42;140;134;cliffside_sea;x
425;42;110;134;passage_to_tries;x
426;42;155;134;northern_numerian_sea;x
427;42;125;134;tries_sea;x
428;42;125;114;swamp_coast;x
429;42;125;164;mud_coast;x
430;42;155;164;zimmern_estuary;x
431;52;165;164;brown_sea;x
432;52;177;164;cape_comodon;x
433;52;111;164;mare_flevia;x
434;52;222;164;mare_flavia;x
435;52;200;164;blessed_sea_south;x
436;52;144;164;ys_Sea;x
437;52;144;204;mare_solaria;x
438;52;184;204;mare_paci;x
439;52;184;174;kings_sea;x
440;102;184;174;western_kings_sea;x
441;102;124;174;mare_luna;x
442;102;155;174;mare_lanatica;x
443;152;155;174;mare_vixis;x
444;152;111;174;cliffside_sea;x
445;152;144;174;talis_grave;x
446;243;213;49;viscari;x
447;196;37;190;talas;x
448;126;37;190;jerica;x
449;16;37;190;bescil;x
450;16;37;120;yangara;x
451;33;45;184;bestos;x
452;33;99;184;trasei;x
453;33;148;184;nopola;x
454;33;200;184;liefnen;x
455;33;233;184;hasxia;x
456;33;233;124;sqabin;x
457;66;233;124;lifenei;x
458;66;3;124;doscha;x
459;66;49;124;sesschea;x
460;66;99;124;catrivas_salvation;x
461;66;122;124;alla_cavina;x
462;82;144;124;silk_coast;x
463;82;187;124;visacara;x
464;82;187;4;halfway_coast;x
465;82;187;34;minaji;x
466;25;187;64;acatari;x
467;35;187;64;east_gate;x
468;74;187;64;gregori;x
469;136;187;64;enclosing_coast;x
470;136;141;64;qatrava;x
471;136;1;64;wandasdoom;x
472;136;26;64;hajida;x
473;136;46;64;khalida;x
474;136;46;111;kayjilon;x
475;136;46;146;cavos;x
476;136;78;146;rafia;x
477;136;102;146;feen;x
478;12;102;146;neden;x
479;61;102;146;mariasol;x
480;61;101;146;morales;x
481;61;63;146;carvia;x
482;61;103;205;cesse;x
483;61;9;205;sebat;x
484;61;49;205;facae;x
485;103;49;205;lenacari;x
486;103;49;124;lena;x
487;103;49;155;trisia;x
488;77;72;47;eastern_wastes;x
489;167;82;82;yangara_swamps;x
490;67;82;82;outer_yang;x
491;67;182;82;cexcia;x
492;32;66;55;the_whole_thingy;x
493;78;193;156;canbar;x
494;178;193;156;little_yanga;x
495;178;193;56;yeles;x
496;178;93;56;poison_mountains;x
497;178;11;56;poison_river;x
498;146;22;71;sisien;x
499;146;122;71;makara;x
500;16;122;71;tonkec;x
501;16;22;71;vena;x
502;16;22;171;grave_lands;x
503;34;241;14;dragons_sight;x
504;34;41;14;hot_heaths;x
505;134;41;14;burned_waste;x
506;134;66;28;fec;x
507;134;166;28;stilgo;x
508;12;41;98;upper_meneken_valley;x
509;12;41;198;lower_meneken_valley;x
510;112;41;198;kan_oracle;x
511;112;141;198;chan_chan_death;x
512;112;241;198;old_wood;x
513;48;75;31;zyra;x
514;148;75;31;north_zyra;x
515;148;175;31;tyravel;x
516;148;175;131;chin_tang;x
517;48;175;131;south_zyra;x
518;160;114;255;yanza;x
519;60;114;255;great_yanga;x
520;60;14;255;govria;x
521;60;14;155;yadai;x
522;60;14;55;zhinyin;x
523;166;55;133;yangian_border;x
524;66;55;133;hashon;x
525;66;55;33;zhuvil;x
526;66;155;33;yellow_flat;x
527;166;155;33;jovlian;x
528;101;108;123;first_yangran_estuary;x
529;1;108;123;amatan_coast;x
530;1;108;23;phoneica;x
531;1;8;23;saaba;x
532;1;8;223;saaban_flat;x
533;84;133;102;yolven;x
534;184;133;102;auras;x
535;184;33;2;tervin;x
536;84;33;2;mussal;x
537;113;69;213;covto;x
538;13;69;213;yewei;x
539;13;69;113;agare;x
540;13;69;13;flaono;x
541;32;77;65;lena_poison_glades;x
542;132;77;65;lana_desert;x
543;184;133;2;oreega;x
544;33;87;145;some_peaks;x
545;133;87;145;some_peaks;x
546;133;187;145;some_peaks;x
547;71;124;56;kranian_gate;x
548;171;124;56;old_home;x
549;171;224;56;krania;x
550;171;224;156;aerol;x
551;44;44;156;kravola;x
552;144;44;156;deep_swamp;x
553;144;144;114;high_valley;x
554;144;144;214;tasshab_end;x
555;194;201;132;far_east_tower;x
556;94;201;132;wild_hills;x
557;94;101;132;worlds_end;x
558;194;101;132;worlds_end;x
559;194;101;232;worlds_end;x
560;69;138;39;kastra_zima;x
561;169;138;39;colonia_zima;x
562;169;138;139;zima_ending;x
563;169;238;139;babberben;x
564;69;238;139;rostenbeg;x
565;75;123;107;aquariana;x
566;175;123;107;palatina_beg;x
567;175;223;107;altotorro;x
568;175;223;207;visataris_gate;x
569;75;223;207;weeden_def;x
570;160;60;154;ions_deep;x
571;60;60;154;castle_on_the_sea;x
572;60;60;254;rosen_hem;x
573;60;160;254;weesen_spring;x
574;160;160;254;amatan_au;x
575;255;160;254;amatan_au;x
576;35;124;92;lasa;x
577;135;124;92;darfer_country;x
578;135;124;192;birk_spring;x
579;135;24;192;long_border;x
580;35;24;192;arhon_beg;x
581;140;255;221;karental;x
582;240;255;221;further_tal;x
583;240;255;121;hohen_country;x
584;140;255;121;castle_bigen;x
585;140;55;121;erlen_beg;x
586;184;163;111;aahen;x
587;84;163;111;stener_country;x
588;84;63;111;bahla;x
589;84;63;11;riven_country;x
590;84;163;11;siren_beg;x
591;66;82;51;kastillen;x
592;66;82;151;verden_beg;x
593;66;182;151;taberb_country;x
594;166;182;151;raberb_country;x
595;166;82;151;bushen;x
596;73;46;26;mirmar;x
597;73;46;126;azur_coast;x
598;73;146;126;aurora;x
599;173;146;126;aurora_beg;x
600;25;106;96;las_beg;x
601;125;106;96;gavro;x
602;125;206;96;kaskone_beg;x
603;125;206;196;krawllen_country;x
604;9;33;58;kalle;x
605;109;33;58;pikard_beg;x
606;109;133;58;lorenz_country;x
607;109;233;58;everfree;x
608;162;176;40;ascaria;x
609;54;123;59;illaqta;x
610;54;123;159;fledendamm;x
611;154;123;159;beevendamm;x
612;154;223;159;naqta;x
613;254;223;159;kusko;x
614;64;147;60;low_land;x
615;64;147;160;outer_marsh;x
616;164;147;160;middel_damm;x
617;164;247;160;tachta;x
618;142;37;119;duvlin;x
619;242;37;119;wehredamm;x
620;242;137;119;souten;x
621;242;137;219;alto_adige;x
622;242;237;219;louqata;x
623;31;31;121;asqate;x
624;131;21;121;amaqte;x
625;131;31;121;amaqte;x
626;118;23;66;kalinien;x
627;193;124;225;astara;x
628;93;124;225;caria;x
629;93;24;225;asta_nara;x
630;93;24;125;navaria;x
631;93;24;25;rountara;x
632;40;59;45;gusta;x
633;140;59;45;beruna;x
634;140;159;45;bercha;x
635;140;159;145;corvuna;x
636;140;59;145;sonoro;x
637;72;109;112;kalara;x
638;72;209;112;shalino;x
639;172;209;112;anto_gasas;x
640;70;44;64;veinar;x
641;70;44;164;tito_tarano;x
642;170;44;164;larissa;x
643;224;158;158;qualien;x
644;46;112;167;qalia;x
645;146;112;167;dalie;x
646;146;212;167;bittel;x
647;246;212;167;eissel;x
648;246;212;67;dredenfel;x
649;192;136;123;quasate;x
650;192;136;223;uala;x
651;192;236;223;resse;x
652;92;136;223;qualis;x
653;30;142;96;great_kings_wood;x
654;30;142;196;qualian_forrest;x
655;130;142;196;qavita;x
656;230;142;196;hamsonen;x
657;230;142;96;meisse;x
658;88;21;72;asto;x
659;188;21;72;asto;x
660;92;136;123;almos;x
661;113;191;163;numas;x
662;12;82;56;vann;x
663;112;82;56;kolen;x
664;112;182;56;des;x
665;212;182;56;arino;x
666;212;182;156;kann;x
667;57;27;87;vetro;x
668;157;27;87;merino;x
669;157;127;87;zann;x
670;157;127;187;numeto;x
671;157;27;187;revino;x
672;152;152;117;gessa;x
673;252;152;117;seggs;x
674;252;252;117;karvin;x
675;252;252;217;vhaen;x
676;64;123;77;apas;x
677;164;123;77;tandura;x
678;164;223;77;boudisva;x
679;164;223;177;uvela;x
680;249;255;79;haegen_damm;x
681;149;255;79;spoken;x
682;49;255;79;bako;x	
683;49;155;79;kragenfa;x	
684;149;155;79;retenberg;x	
685;149;155;179;ragniv;x	
686;1;155;179;thule;x	
687;159;126;184;gassalien;x
688;122;171;222;izette;x
689;22;171;222;gravril;x
690;22;171;122;castello_forza;x
691;22;171;22;bekunel;x
692;22;71;22;hedasse;x
693;142;183;225;kumane;x
694;42;183;225;kavini;x
695;42;83;225;geross;x
696;42;83;125;castello_autora;x
697;42;83;25;khagane;x
698;169;68;109;andormeia;x
699;69;68;109;dessale;x
700;69;68;9;bezirte;x
701;32;74;94;putra;x
702;32;74;194;Varanpur;x
703;132;74;194;Devipura;x
704;132;174;194;Arjunpalli;x
705;129;177;116;Shivanagar;x
706;29;177;116;Radhakrishnapur;x
707;29;77;116;Lakshmipur;x
708;129;77;116;Mahadevpur;x
709;136;95;31;Kamalanagar;x
710;136;195;31;Anandapur;x
711;136;195;131;Suryapura;x
712;236;195;131;Ramanagar;x
713;18;26;90;Vishwanagar;x
714;118;26;90;Chandrapur;x
715;118;126;90;Parvatinagar;x
716;118;126;190;Govindnagar;x
717;21;133;32;talarian_mountain;x
718;51;100;36;ys;x
719;151;100;36;ker;x
720;151;100;136;morvach;x
721;151;200;136;cornonian_isles;x
722;109;12;154;tandela;x
723;109;120;154;dark_blood_hills;x
724;109;220;154;randela;x
725;61;80;69;lovo;x
726;61;80;169;travoli;x
727;161;80;169;telarse;x
728;161;180;169;lono;x
729;161;180;250;contars_harbour;x
730;83;29;67;aca_pullana;x
731;183;29;67;contars_host;x
732;183;129;67;venade;x
733;183;129;167;cotrale;x
734;24;138;89;blood_swamp;x
735;124;138;89;bozmos;x
736;224;138;89;valanis;x
737;224;138;189;godo;x
738;224;238;189;goloro;x
739;224;55;189;contars_court;x
740;42;40;27;cien;x
741;142;40;27;covo;x
742;142;140;27;balsam;x
743;142;140;127;bossomo;x
744;56;34;0;orovolo;x
745;156;34;0;contars_crown;x
746;156;134;0;telea;x
747;156;134;100;harbina;x
748;156;134;200;ozomo;x
749;39;31;88;oon;x
750;139;31;88;contars_meal;x
751;139;31;188;tovo;x
752;139;131;188;haro;x
753;90;72;72;sundering_cape;x
754;190;72;72;sundering_cape;x
755;190;172;72;sundering_cape;x
756;190;172;172;sundering_cape;x
757;255;172;172;sundering_cape;x
758;255;72;172;sundering_cape;x
759;255;72;72;sundering_cape;x
760;18;97;26;risen_swamp;x
761;180;97;26;high_damm;x
762;180;97;126;risen_island;x
763;51;19;78;cephryia;x
764;151;19;78;callonian_heights;x
765;151;119;78;tassalon;x
766;151;119;178;issadrillia;x
767;151;219;178;feruniacandia;x
768;87;21;88;terephia;x
769;187;21;88;terrebes;x
770;187;121;88;phalia;x
771;187;121;188;ratacan;x
772;187;221;188;urris;x
773;61;44;31;ionia;x
774;161;44;31;aika_lucra;x
775;161;144;31;nessar_desselo;x
776;161;144;131;gesfinsa;x
777;161;144;231;karen;x
778;59;99;97;ganden_lucra;x
779;159;99;97;cassvin;x
780;159;199;97;vindero;x
781;5;34;63;calebian_mountains;x
782;105;34;63;caleb;x
783;31;99;56;bashiria;x
784;131;99;56;menaria;x
785;131;199;56;nimaria;x
786;131;199;156;milia;x
787;231;199;156;affiria;x
788;44;23;20;milesia;x
789;144;23;20;kiria;x
790;144;123;20;tavonia;x
791;144;123;120;hemenia;x
792;144;123;220;boyia;x
793;144;223;220;girria;x
794;34;12;83;hahellia;x
795;134;12;83;phoenix_stones;x
796;134;112;83;ladia_gagia;x
797;134;112;183;ladia_prosolinia;x
798;234;112;183;ladia_hanomia;x
799;61;59;16;caria;x
800;161;59;16;arria;x
801;161;159;16;erica;x
802;161;159;116;becelia_march;x
803;161;159;216;castaria;x
804;13;12;75;tuathia;x
805;113;12;75;partalonia;x
806;113;112;75;fomoria;x
807;213;112;75;mania;x
808;213;112;175;erisia;x
809;59;4;39;ubelonia;x
810;159;4;39;berunian_march;x
811;159;104;39;tefphalonia;x
812;159;104;139;caffphai;x
813;159;204;139;duran_march;x
814;63;54;50;tuaia;x
815;163;54;50;pantalonia;x
816;163;154;50;numalonia;x
817;163;154;150;vephryia;x
818;163;154;250;teraphyria;x
819;47;15;136;clodia;x
820;147;15;136;tyria;x
821;147;115;136;tiffalonia;x
822;147;115;236;aeria;x
823;247;115;236;caschone_land;x
824;62;84;154;villia_caparia;x
825;162;84;154;lonten_aronia;x
826;162;184;154;allivia;x
827;162;184;254;sirinia;x
828;240;184;254;meineria;x
829;99;35;123;beruchia;x
830;199;35;123;padia;x
831;199;135;123;bonia;x
832;30;80;69;kratonia;x
833;130;80;69;kratonian_mountains;x
834;130;180;69;metoneia;x
835;130;180;169;kravata;x
836;230;180;169;wlacha;x
837;230;80;169;komtrobia;x
838;230;80;69;ruelntium;x
839;48;66;63;steerneland;x
840;148;66;63;hintium;x
841;148;166;63;harov;x
842;148;166;163;trerice;x
843;148;66;163;tapolna;x
844;80;73;65;petrinad;x
845;180;73;65;konodohar;x
846;180;173;65;nagyaherto;x
847;180;173;165;luykhawa;x
848;88;23;49;Klyeyavichy;x
849;188;23;49;Ivatsewka;x
850;188;123;49;Fryperk;x
851;188;123;149;Trekolov;x
852;188;223;149;Pehalas;x
853;28;47;66;Polasz;x
854;128;47;66;Balcini;x
855;128;147;66;Vahul;x
856;128;147;166;Piekabrzeg;x
857;228;147;166;Bavata;x
858;53;44;44;shearia;x
859;153;44;44;thylethtyria;x
860;153;144;44;alve_thaloria
861;153;144;144;eshen_themaria;x
862;253;144;144;afethlenia;x
863;58;19;88;emserina;x
864;158;19;88;arren_lenora;x
865;158;119;88;caeloria;x
866;158;119;188;alaria;x
867;158;219;188;era_asari;X
868;30;42;25;	zephyria_city;x
869;130;42;25;phoenix_county;x
870;130;142;25;as_avenia;x
871;130;142;125;loveland;x
872;230;142;125;the_great_graves;x
873;21;59;97;ralathia;x
874;121;59;97;thi_cealoria;x
875;121;159;97;eyla_alari;x
876;121;159;197;senalenoria;x
877;221;159;197;irolunia;x
878;34;14;33;ellmsharia;x
879;134;14;33;elli_serinia;x
880;134;114;33;ayala_edhil;x
881;134;114;133;amyethlean;x
882;234;114;133;allenalenoria;x
883;87;38;46;thalas;x
884;187;38;46;asyeana_nalore;x
885;187;138;46;asyena_allanar;x
886;187;138;146;lafneas;x
887;187;238;146;amyanlone;x
888;35;59;16;thelldorei;x
889;135;59;16;mathatalos;x
890;135;159;16;allrenluna;x
891;135;159;116;reathalas;x
892;235;159;116;ayran_taesia;x
893;240;210;116;the_northern_wall;x
894;62;82;39;lylsa_edhil;x
895;162;82;39;iyanlumia;x
896;162;182;39;anyenlenora;x
897;162;182;139;agennia;x
898;162;182;239;laeneenia;x
899;51;62;95;eilaithia;x
900;151;62;95;laenulahia;x
901;151;162;95;daeria;x
902;151;162;195;saenome;x
903;251;162;195;cainnia;x
904;85;64;72;cealldohnia;x
905;185;64;72;tereamhnia;x
906;185;164;72;nameinia;x
907;185;164;172;aerishia;x
908;244;164;172;aimirinia;x
909;70;66;47;tero_noria;x
910;170;66;47;shana_laia;x
911;170;166;47;soraine;x
912;170;166;147;amayeal;x
913;170;166;247;fenangia;x
914;11;21;1;aerneis;x
915;111;21;1;aelirin;x
916;111;121;1;donenna;x
917;111;121;100;eorendia;x
918;211;121;100;kolinita;x
919;51;40;38;morovia;x
920;151;40;38;siberia;x
921;151;140;38;leenonia;x
922;151;140;138;terania;x
923;251;140;138;aestonora;x
924;180;79;61;deiraigen;x
925;180;179;61;terania_soralia;x
926;180;179;161;finania;x
927;244;179;161;finnenia;x
928;63;45;41;aerangia;x
929;163;45;41;taeruioa;x
930;163;145;41;aiyaenon;x
931;163;145;141;maevilin;x
932;163;145;241;caelaelah;x
933;62;54;95;phoenix_mountains;x
934;162;154;95;aerann_gelanoia;x
935;162;154;195;aestoisia;x
936;162;254;195;tearita;x
937;11;254;195;ritis;x
938;45;83;74;breovia;x
939;145;83;74;toyemore;x
940;145;183;74;sagenia;x
941;145;183;174;costia;x
942;245;183;174;iveania;x
943;34;65;57;isakaria;x
944;134;65;57;ikaria;x
945;134;165;57;daceterria;x
946;134;165;157;itrudalia;x
947;234;165;157;apacaea;x
948;36;39;88;iphoburia;x
949;136;39;88;adrruearia;x
950;136;139;88;gera;x
951;136;139;188;vamor;x
952;236;139;188;dugaria;x
953;107;82;94;stotraenia;x
954;207;82;94;aphaiyonia;x
955;207;182;94;cririnia;x
956;207;182;194;gaitadalia;x
957;70;33;51;chacria;x
958;170;33;51;opeofado;x
959;170;133;51;ogucia;x
960;170;133;151;izuhania;x
961;62;41;97;vaedia;x
962;162;41;97;obiston;x
963;162;141;97;stacaila;x
964;162;141;197;xiratopia;x
965;162;241;197;echeryn;x
966;18;104;57;letis;x
967;118;104;57;etraira;x
968;118;204;57;itrosso;x
969;118;204;157;ipaqupis;x
970;218;204;157;zaista;x
971;53;102;162;thezaikya;x
972;153;102;162;budamin;x
973;153;202;162;iphivaria;x
974;153;202;202;hoston;x
975;253;202;202;kidal;x
976;99;29;29;khalyra;x
977;199;29;29;talus;x
978;199;129;29;aesozzaivia;x
979;199;129;129;pril;x
980;199;229;129;caibe;x
981;92;71;40;ovruria;x
982;192;71;40;crowania;x
983;192;171;40;aikregitha;x
984;192;171;140;garis;x
985;192;171;240;bredia;x
986;28;43;58;nouria;x
987;128;43;58;aibrenad;x
988;128;143;58;phaicruti;x
989;128;143;158;qibia;x
990;228;143;158;aeyurire;x
991;46;18;22;erugary;x
992;146;18;22;aediria;x
993;146;118;22;yuigevaria;x
994;146;118;122;dedaris;x
995;146;118;222;kegen_donoa;x
996;15;38;177;lake_sia;x
997;80;79;61;hateine;x
998;162;54;95;amaelahia;x
999;55;54;95;amaelahia;x
1000;12;36;164;brimvind;x
1001;112;36;164;fjelheim;x
1002;112;136;164;urthala;x
1003;212;136;164;vastra_norn;x
1004;212;236;164;hegelmark;x
1005;5;15;133;alsund;x
1006;105;15;133;yggdal;x
1007;105;115;133;barrskog;x
1008;105;115;233;torvland;x
1009;205;115;233;isford;x
1010;24;115;13;svartholm;x
1011;124;115;13;runheim;x
1012;124;215;13;skogarlund;x
1013;124;215;113;forstford;x
1014;124;215;213;drakasen;x
1015;68;147;42;nurdlund;x
1016;168;147;42;ymsivk;x
1017;168;247;42;salkust;x
1018;168;247;142;stenfjell;x
1019;168;247;242;eldmoor;x
1020;54;34;242;vinterdal;x
1021;154;34;242;urvald;x
1022;154;134;242;mangard;x
1023;254;134;242;fornstadt;x
1024;254;234;242;hasvkront;x
1025;78;34;64;nattmark;x
1026;178;34;64;avdal;x
1027;178;134;64;alvriket;x
1028;178;134;164;norrskog;x
1029;178;234;164;tundravall;x
1030;41;91;21;rovmark;x
1031;141;91;21;manestrak;x
1032;141;191;21;skuggsate;x
1033;141;191;121;asland;x
1034;55;172;244;sjoskog;x
1035;155;172;244;vildmark;x
1036;255;172;244;vagaskal;x
1037;255;210;211;western_swamps;x
1038;155;210;211;eastern_swamps;x
1039;34;44;134;isenmark;x
1040;134;44;134;Thulelund;x
1041;134;144;134;Runenfjell;x
1042;134;144;234;Urholt;x
1043;234;144;234;Yggdalen;x
1044;236;31;36;Vildland;x
1045;236;131;36;Eldmark;x
1046;236;131;136;Frostheim;x
1047;136;131;136;Havsnor;x
1048;136;231;136;Qaanaaq;x
1049;87;23;16;Ilulissat;x
1050;187;23;16;Nuuk;x
1051;187;123;16;Kangerlussuaq;x
1052;187;123;116;Uummannaq;x
1053;187;123;216;Sisimiut;x
1054;36;99;78;Tasiilaq;x
1055;136;99;78;Maniitsoq;x
1056;136;199;78;Aasiaat;x
1057;136;199;178;Ittoqqortoormiit;x
1058;236;199;178;Kulusuk;x
1059;114;24;4;Qeqertarsuaq;x
1060;214;24;4;Narsaq;x
1061;214;124;4;Qaarsut;x
1062;214;124;104;Upernavik;x
1063;214;224;104;Qaqortoq;x
1064;47;87;97;Nanortalik;x
1065;147;87;97;Paamiut;x
1066;147;187;97;Uummannaq;x
1067;147;187;197;Kangaatsiaq;x
1068;247;187;197;Qasigiannguit;x
1069;57;61;83;Ammassalik;x
1070;157;61;83;Kullorsuaq;x
1071;157;161;83;Qeqqata;x
1072;157;161;183;Avanersuaq;x
1073;255;161;183;Kujalleq;x
1074;78;74;76;Qeqertalik;x
1075;178;74;76;Illoqqortoormiut;x
1076;178;174;76;Sermersooq;x
1077;178;174;176;Tunu;x
1078;240;174;176;Kujataa;x
1079;101;128;118;Ogebin;x
1080;201;128;118;Frozen Plain;x
1081;201;228;118;Dagoska;x
1082;101;228;118;Heland;x
1083;101;228;218;Eastern Crossing;x
1084;113;100;135;Cold Spring;x
1085;213;100;135;Westpoint;x
1086;213;200;135;Black Forrest;x
1087;213;200;235;Mist;x
1088;113;200;235;Tagebin;x
1089;174;175;186;Oreks Grave;x
1090;240;175;186;Wolvwood;x
1091;240;75;186;Hot Spring;x
1092;240;75;86;White Country;x
1093;140;75;86;White Forrest;x
1094;23;74;85;Losnach;x
1095;123;74;85;Kratin;x
1096;123;174;85;Meron;x
1097;123;174;185;Doragan;x
1098;223;174;185;Godmen;x
1099;43;18;100;Ladan;x
1100;143;18;100;Zako;x
1101;143;118;100;Tofen;x
1102;143;118;200;Krake;x
1103;43;118;200;Nowen;x
1104;126;70;108;Marian;x
1105;126;170;108;Maeven Road;x
1106;126;170;208;Last Edict;x
1107;226;170;208;Eastern Passaway;x
1108;226;170;108;Sawa;x
1109;90;107;49;Last Land;x
1110;190;107;49;Skaran Tundra;x
1111;190;107;149;Masson;x
1112;190;207;149;Seel;x
1113;90;207;149;Nate;x
1114;109;94;101;Great Flat;x
1115;209;94;101;Bosson;x
1116;209;194;101;Heawe;x
1117;209;194;201;Erri;x
1118;109;194;201;Elbe;x
1119;70;79;85;Aue;x
1120;170;79;85;Donuva;x
1121;170;179;85;Wesser;x
1122;170;179;185;Alte;x
1123;70;179;185;Weber;x
1124;16;28;184;lake_upper;x
1125;16;28;185;lake_ogebiner_mare;x
1126;16;28;186;lake_white_lake;x
1127;16;28;187;lake_crotten;x
1128;59;95;97;ellemera_island;x
1129;159;95;97;Merensuu;x
1130;159;195;97;Jäälahti;x
1131;159;195;197;Vedenkylä;x
1132;159;195;9;Meriahven;x
1133;62;94;75;Kalloniemi;x
1134;162;94;75;Rantasalmi;x
1135;162;194;75;Lainekaari;x
1136;162;194;175;Satamalahti;x
1137;62;194;175;Kalalahden;x
1138;56;17;39;Sinimeri;x
1139;156;17;39;Tuulensuu;x
1140;156;117;39;Jäävuorimaa;x
1141;156;117;139;Lumivaara;x
1142;156;117;239;Kylmäkukkula;x
1143;51;44;65;Vuorijää;x
1144;151;44;65;Pakkasvuori;x
1145;151;144;65;Talvimetsä;x
1146;151;144;165;Jäätikkömaa;x
1147;51;144;165;Kivikylmä;x
1148;21;68;37;Huippuvuori;x
1149;121;68;37;Pakkasmetsä;x
1150;121;68;137;Huurtomaa;x
1151;121;168;137;Pohjanvuori;x
1152;221;168;137;Kivijäätikkö;x
1153;119;37;4;Lumikansi;x
1154;219;37;4;Talvirinne;x
1155;219;137;4;Jäähuippu;x
1156;219;137;104;Pakkastalvi;x
1157;75;31;14;Vuorenselkä;x
1158;175;31;14;Thorrin Linna;x
1159;175;131;14;Jääpolku;x
1160;175;131;114;Havumetsä;x
1161;175;231;114;Koivulehto;x
1162;134;28;150;Kuusikkola;x
1163;234;28;150;Lehtimetsä;x
1164;234;128;150;Mäntykangas;x
1165;234;228;150;Sammalrinne;x
1166;234;228;250;Tunturimetsä;x
1167;46;28;94;Varjomaa;x
1168;146;28;94;Hiljaisuusmetsä;x
1169;146;128;94;Linnunlaulu;x
1170;146;128;194;Kirkasvesi;x
1171;162;176;236;berry_bay;x
1172;212;176;236;north_passage;x
1173;212;206;236;sea_of_ice;x
1174;212;206;206;skull_passage;x
1175;112;206;206;ellemsere_grave;x
1176;112;106;206;kajos_bay;x
1177;112;106;106;last_sea;x
1178;12;106;106;far_sight_sea;x
1179;12;6;106;bells_end;x
1180;12;6;6;johann_sea;x
1181;192;6;6;Twilight_Ocean;x
1182;192;56;6;Veil_of_Mists;x
1183;192;56;96;coast_of_roh;x
1184;122;56;96;forgotten_deep;x
1185;122;126;96;sunken_realm;x
1186;222;126;96;terebithian_corssing;x
1187;222;226;96;eldirtch_sea;x
1188;222;226;126;storm_passage;x
1189;5;226;126;coast_of_beere;x
1190;5;39;126;qamarine;x
1191;5;39;14;theosta;x
1192;75;39;14;the_veil;x
1193;243;118;118;talio;x
1194;143;118;118;cieno;x
1195;143;218;118;tallago;x
1196;143;218;218;rieven_heights;x
1197;243;218;218;leferen;x
1198;114;12;12;renen;x
1199;14;12;12;karvach;x
1200;14;112;12;high_temple;x
1201;14;112;112;halla;x
1202;13;51;65;lonhonian_plateau;x
1203;113;51;65;vericci;x
1204;113;151;65;lonhonian_northern_plateau;x
1205;113;151;165;frozen_throne;x
1206;213;151;165;fire_throne;x
1207;99;9;30;malinda_valley;x
1208;199;9;30;upper_malinda_valley;x
1209;199;109;30;longjon_glacier;x
1210;199;109;130;patalan_pass;x
1211;57;103;166;tianlong_shan;x
1212;255;103;166;Fenghuang_Ling;x
1213;255;203;166;Qinglong_Shan;x
1214;255;203;255;Yunhai_Ling;x
1215;24;82;62;Huo _Feng ;x
1216;124;82;62;Mingsheng_Ling;x
1217;124;182;62;Mingsheng_Shan;x
1218;104;80;64;Jiulong_Shan;x
1219;204;80;64;Shizuku_Taki;x
1220;204;180;64;Baimu_Feng;x
1221;204;180;164;Shuangying_Shan;x
1222;104;180;164;Lushui_Ling;x
1223;208;171;44;Xuehua_Shang;x
1224;108;171;44;Hongye_ling;x
1225;108;171;144;ganchin_pass;x
1226;208;171;144;high_harrow;x
1227;65;17;130;Xuehua_Shan;x
1228;165;17;130;Hongye_ling;x
1229;165;117;130;Longmen_Daixa;x
1230;245;117;130;phoenix_pass;x
1231;46;19;33;zhenying;x
1232;146;19;33;huangshan;x
1233;146;119;33;yhinghua;x
1234;146;119;133;qinchen;x
1235;246;219;133;fenlong;x
1236;76;32;131;tianyu;x
1237;176;32;131;baihu;x
1238;176;132;131;guo;x
1239;176;232;131;xinyang;x
1240;176;232;231;lao;x
1241;118;25;84;lao;x
1242;118;125;84;ronguang;x
1243;118;125;184;lanhua;x
1244;218;125;184;mofeng;x
1245;218;225;184;cangai;x
1246;36;35;44;huango;x
1247;136;35;44;shantan;x
1248;136;135;44;wuseng;x
1249;136;135;144;yushan;x
1250;83;26;31;zusha;x
1251;183;26;31;zusha_di;x
1252;183;126;31;jeiton_di;x
1253;183;126;131;cinnoba;x
1254;183;126;231;sisi_di;x
1255;120;176;125;guo_si_di;x
1256;220;176;125;antan;x
1257;220;176;225;satere;x
1258;220;76;225;korna;x
1259;220;76;125;hangai;x
1260;128;126;114;qinlu_di;x
1261;228;126;114;qinghzu;x
1262;228;226;114;biahoi_zhou;x
1263;228;226;214;xangjun_di_si;x
1264;28;226;214;liu;x
1265;197;60;227;lake_hue;x
1266;197;65;227;lake_tian;x
1267;197;70;227;lake_yulong;x
1268;111;164;174;mountains_of_heaven;x
1269;111;164;200;mountains_of_the_morning_sun;x
1270;100;164;200;top_of_the_world;x
1271;160;164;200;shemes_peak;x
1272;160;114;200;fay_mountains;x
1273;160;114;100;northern_edge_of_heaven;x
1274;160;114;21;horrov_mountains;x
1275;160;125;21;mountain_of_white_splendour;x
1276;11;125;21;jade_mountain;x
1277;11;244;21;scorched_mountains;x
1278;244;244;21;tain_mountains;x
1279;244;244;166;depa_coda;x
1280;65;244;166;cunshai;x
1281;133;244;166;frost_mountains;x
1282;133;244;45;mesei_mountains;x
1283;1;244;45;white_peaks;x
1284;1;24;45;sha_atail;x
1285;1;24;123;tengri_shan;x
1286;1;24;222;black_moutains;x
1287;157;103;166;Yinyue_Feng;x

1288;58;34;112;lake_patala;x
1289;23;6;61;northern_qang;x
1290;123;6;61;southern_qang;x
1291;123;106;61;gondana;x
1292;123;106;161;mountains_of_rain;x
1293;61;15;65;southern_qareli;x
1294;161;15;65;coastal_mountains;x

1295;26;26;21;Varunapuri;x
1296;126;26;21;Chandralok;x
1297;126;126;21;Agniyana;x
1298;126;126;121;Suryaastra;x
1299;226;126;121;Nagareshvara;x

1300;56;154;97;Pavanadweep;x
1301;156;154;97;Bhumiya;x
1302;156;254;97;Jaladhara;x
1303;156;254;197;Tamrapatra;x
1304;255;254;197;Dhruvagarh;x

1305;67;13;27;Vidyadhara;x
1306;167;13;27;Shivakashi;x
1307;167;113;27;Kanchanpura;x
1308;167;113;127;Rudrapada;x
1309;167;213;127;Amaravati;x

1310;89;74;34;Sundaravan;x
1311;189;74;34;Patala;x
1312;189;174;34;Mahadevpura;x
1313;189;174;134;Kalidweep;x
1314;189;174;234;Indravilas;x

1315;22;87;55;Bhagirathapur;x
1316;122;87;55;Vajrashakti;x
1317;122;187;55;Rasatal;x
1318;122;187;155;Manikarnika;x
1319;222;187;155;Gandharvagarh;x

1320;55;99;37;patala;x
1321;155;99;37;patala;x
1322;155;199;37;patala;x
1323;155;199;137;patala;x
1324;155;199;237;patala;x

1325;12;58;99;patala;x
1326;112;58;99;patala;x
1327;112;158;99;patala;x
1328;112;158;199;patala;x
1329;212;158;199;patala;x

1330;55;74;44;patala;x
1331;155;74;44;patala;x
1332;155;174;44;patala;x
1333;155;174;144;patala;x
1334;155;174;244;patala;x

1335;77;77;64;patala;x
1336;177;77;64;patala;x
1337;177;177;64;patala;x
1338;177;177;164;patala;x
1339;77;177;164;patala;x

1340;12;36;34;patala;x
1341;112;36;34;patala;x
1342;112;136;34;patala;x
1343;112;136;134;patala;x
1344;112;136;234;patala;x

1345;65;71;26;patala;x
1346;165;71;26;patala;x
1347;165;171;26;patala;x
1348;165;171;126;patala;x
1349;165;171;226;patala;x

1350;88;99;74;patala;x
1351;188;99;74;patala;x
1352;188;199;74;patala;x
1353;188;199;174;patala;x

1354;44;56;14;patala;x
1355;144;56;14;patala;x
1356;144;156;14;patala;x
1357;144;156;114;patala;x
1358;244;156;114;patala;x

1359;18;22;81;patala;x
1360;118;22;81;patala;x
1361;118;122;81;patala;x
1362;118;122;181;patala;x
1363;118;222;181;patala;x

1364;54;34;67;patala;x
1365;154;34;67;patala;x
1366;154;134;67;patala;x
1367;154;134;167;patala;x
1368;154;234;167;patala;x

1368;64;69;45;patala;x
1369;164;69;45;patala;x
1370;164;169;45;patala;x
1371;164;169;145;patala;x
1372;164;169;245;patala;x

1373;22;25;71;patala;x
1374;122;25;71;patala;x
1375;122;125;71;patala;x
1376;122;125;171;patala;x
1377;222;125;171;patala;x

1377;93;46;121;patala;x
1378;193;46;121;patala;x
1379;193;146;121;patala;x
1380;193;146;221;patala;x
1381;193;246;221;patala;x

1382;70;102;58;patala;x
1383;170;102;58;patala;x
1384;170;102;158;patala;x
1385;170;202;158;patala;x
1386;170;202;58;patala;x